KI,KICountValue
KI-Current and Future Leadership,29484
KI-Recruiting,6267
KI-Diversity and Inclusion,4291
KI-Digital Business Transformation,3279
KI-Total Rewards,2700
KI-Performance Management,1595
KI-Employee Experience,1520
"KI-Working with the CEO, board, and C-Suite",1520
KI-Building Critical Skills,1271
KI-Talent Analytics,1033
KI-Technology for My Function,1007
KI-Strategy and management of my function,912
KI-Future of Work,561
KI-HR cost optimization,447
KI-Leading the next-generation HR workforce,65
KI-Internal labor market,48
